{
  "linear_regression_baseline": {
    "regression_metrics": {
      "mse": 0.0020792824216187,
      "rmse": 0.045599149351919936,
      "mae": 0.035572078078985214,
      "mape_pct": 847.3302612304688,
      "r2": -1.771522045135498,
      "directional_accuracy": 0.49920085242408097,
      "pearson_ic": -0.013851092164241652,
      "spearman_ic": -0.005313384666730925,
      "precision_up": 0.5376,
      "recall_up": 0.4987629886194953,
      "precision_down": 0.46088344864289515,
      "recall_down": 0.4997114829774957
    },
    "strategy_metrics": {
      "threshold": 0.016524335369467735,
      "avg_hourly_return": -3.5262997458402e-05,
      "cumulative_return": -0.6643924815999321,
      "sharpe": -0.14646885483467373,
      "hit_rate": 0.5185031185031185,
      "long_ratio": 0.33217900905700587,
      "short_ratio": 0.30847096430474163,
      "flat_ratio": 0.35935002663825255
    },
    "threshold": 0.016524335369467735
  },
  "model_predictions": {
    "subset_metrics": {
      "test": {
        "regression_metrics": {
          "mse": 0.0008022632345478246,
          "rmse": 0.028324251703228182,
          "mae": 0.020730735252562298,
          "mape_pct": 189.07794852711226,
          "r2": -0.068955824136407,
          "directional_accuracy": 0.49386993603411516,
          "pearson_ic": -0.039572589285289166,
          "spearman_ic": -0.037561473311589946,
          "precision_up": 0.5294401544401545,
          "recall_up": 0.5428005937654626,
          "precision_down": 0.45,
          "recall_down": 0.43674176776429807
        },
        "strategy_metrics": {
          "threshold": 0.016524335369467735,
          "avg_hourly_return": 1.0189360013326224e-05,
          "cumulative_return": 0.03612504567347563,
          "sharpe": 0.7883017336552205,
          "hit_rate": 1.0,
          "long_ratio": 0.006396588486140725,
          "short_ratio": 0.0,
          "flat_ratio": 0.9936034115138592
        },
        "num_samples": 3752
      },
      "train": {
        "regression_metrics": {
          "mse": 0.001598174811280899,
          "rmse": 0.0399771786308251,
          "mae": 0.026294040924053935,
          "mape_pct": 239.63906015537262,
          "r2": 0.3465377016994041,
          "directional_accuracy": 0.5350526456084232,
          "pearson_ic": 0.6020586798692458,
          "spearman_ic": 0.17827459128892462,
          "precision_up": 0.6006871035940803,
          "recall_up": 0.29370719731231426,
          "precision_down": 0.5129210479415434,
          "recall_down": 0.7920737580844915
        },
        "strategy_metrics": {
          "threshold": 0.016524335369467735,
          "avg_hourly_return": 0.0053544889728548576,
          "cumulative_return": 2.5762615196510627e+31,
          "sharpe": 14.291561308823777,
          "hit_rate": 0.610803324099723,
          "long_ratio": 0.029388244702119152,
          "short_ratio": 0.01872584299613488,
          "flat_ratio": 0.951885912301746
        },
        "num_samples": 15006
      }
    }
  }
}